[
    {
        "id": 1,
        "category": "intro",
        "text": "النظام: مرحباً! كنا ننتظر قدوم شخصٍ ما، وها أنت ذا. من أنت...؟",
        "choices": [
            {
                "id": "a",
                "text": "مرحبًا — أنا هنا من أجل التحدي!",
                "impact": 0,
                "comments": [],
                "next": 2
            },
            {
                "id": "b",
                "text": "من أنت؟ لماذا أنا هنا؟",
                "impact": 0,
                "comments": [],
                "next": 3
            }
        ]
    },
    {
        "id": 2,
        "category": "intro",
        "text": "النظام: سمعت أنك جئت لتصبح نجم الصحافة القادم... حسنًا دعنا نرى ذلك. هل أنت مستعد؟",
        "choices": [
            {
                "id": "a",
                "text": "أنا مستعد! ابدأ الاختبار.",
                "impact": 0,
                "comments": [],
                "next": 10
            },
            {
                "id": "b",
                "text": "أحتاج لمقدمة سريعة عن اللعبة أولاً.",
                "impact": 0,
                "comments": [],
                "next": 4
            }
        ]
    },
    {
        "id": 3,
        "category": "intro",
        "text": "النظام: هذا سر، هل أنت مستعد لتقبل أن هذه اللعبة ليست سهلة؟",
        "choices": [
            {
                "id": "a",
                "text": "نعم، أقبل التحدي.",
                "impact": 0,
                "comments": [],
                "next": 2
            },
            {
                "id": "b",
                "text": "لا، أحتاج وقتًا.",
                "impact": 0,
                "comments": [],
                "next": 4
            }
        ]
    },
    {
        "id": 4,
        "category": "intro",
        "text": "النظام: القواعد سريعة — اختيار صحيح يزيد مستوى اللاعب 10 نقاط، والخاطئ ينقص 5 نقاط. كل قرار له ردود فعل من الجمهور الافتراضي ستُعرض بعد الاختيار.",
        "choices": [
            {
                "id": "a",
                "text": "فهمت — ابدأ اللعبة الآن.",
                "impact": 0,
                "comments": [],
                "next": 10
            }
        ]
    },
    {
        "id": 10,
        "category": "menu",
        "text": "النظام: بماذا تريد أن تبدأ؟ اختر نوع المادة التي تريد تغطيتها.",
        "choices": [
            {
                "id": "a",
                "text": "تقرير صحفي (تحقيق/وثائق)",
                "impact": 0,
                "comments": [],
                "next": 20
            },
            {
                "id": "b",
                "text": "قصة إنسانية (ملهمة/بشرية)",
                "impact": 0,
                "comments": [],
                "next": 50
            },
            {
                "id": "c",
                "text": "خبر عاجل (عناوين/أخبار سريعة)",
                "impact": 0,
                "comments": [],
                "next": 80
            }
        ]
    },
    {
        "id": 20,
        "category": "investigation",
        "text": "النظام: تلقيت وثائق سرية تكشف خطة دولية عمرها 50 عامًا. هل ستنشرها فورًا؟",
        "choices": [
            {
                "id": "a",
                "text": "أنشر فورًا — الشفافية أولًا.",
                "impact": -5,
                "comments": [
                    {
                        "avatar": "p1.png",
                        "name": "مريم",
                        "username": "@m_m",
                        "text": "منتهى الجرأة... لكن هل تحققتم؟"
                    },
                    {
                        "avatar": "p2.png",
                        "name": "تامر",
                        "username": "@t_t",
                        "text": "أخبار كبيرة لو صحيحة — ننتظر الأدلة."
                    }
                ],
                "next": 21
            },
            {
                "id": "b",
                "text": "أتحقق من صحة الوثائق أولًا.",
                "impact": 10,
                "comments": [
                    {
                        "avatar": "p3.png",
                        "name": "سارة",
                        "username": "@s_s",
                        "text": "تحقيق عقلاني — هذا ما ننتظره."
                    }
                ],
                "next": 22
            }
        ]
    },
    {
        "id": 21,
        "category": "investigation",
        "text": "النظام: بعد النشر المبكر، بدأت اتهامات متبادلة وسحب للمصادر. هل تُصدر توضيحًا أم تترك الأمر؟",
        "choices": [
            {
                "id": "a",
                "text": "أصدر توضيحًا وأعرض المستندات للمراجعة.",
                "impact": 10,
                "comments": [
                    {
                        "avatar": "p4.png",
                        "name": "علي",
                        "username": "@ali_r",
                        "text": "أحسنت التوضيح — هذا يُظهر احترافية."
                    },
                    {
                        "avatar": "p5.png",
                        "name": "نور",
                        "username": "@n_n",
                        "text": "نحتاج دائمًا الشفافية."
                    }
                ],
                "next": 30
            },
            {
                "id": "b",
                "text": "أترك الموضوع — الضجة ستهدأ.",
                "impact": -5,
                "comments": [
                    {
                        "avatar": "p6.png",
                        "name": "هدى",
                        "username": "@h_h",
                        "text": "ترك الموضوع سيقلل من مصداقيتك."
                    }
                ],
                "next": 31
            }
        ]
    },
    {
        "id": 22,
        "category": "investigation",
        "text": "النظام: التحقيق أظهر تناقضات بسيطة، لكن بعض المصادر أكدت أجزاء مهمة. تنشر تحقيقًا شاملاً أم تنتظر المزيد؟",
        "choices": [
            {
                "id": "a",
                "text": "أنشر تحقيقًا شاملاً مدعومًا بالدلائل.",
                "impact": 10,
                "comments": [
                    {
                        "avatar": "p3.png",
                        "name": "سارة",
                        "username": "@s_s",
                        "text": "ممتاز، هذا ما يجب أن تفعله الصحافة."
                    },
                    {
                        "avatar": "p7.png",
                        "name": "ياسمين",
                        "username": "@y_y",
                        "text": "عمل احترافي 👏"
                    }
                ],
                "next": 30
            },
            {
                "id": "b",
                "text": "أنتظر مصادر إضافية قبل النشر.",
                "impact": 0,
                "comments": [
                    {
                        "avatar": "p8.png",
                        "name": "خالد",
                        "username": "@k_k",
                        "text": "التحقق جيد لكن لا تبطئ كثيرًا."
                    }
                ],
                "next": 23
            }
        ]
    },
    {
        "id": 23,
        "category": "investigation",
        "text": "النظام: بينما تنتظر، تسربت أجزاء من الوثائق من قناة أخرى وأخذت الرواية اتجاهًا آخر. هل تنشر تحليلًا يقارن الدلائل أم تتجاهل التسريب؟",
        "choices": [
            {
                "id": "a",
                "text": "أنشر تحليلًا يقارن الدلائل ويوضح الفروق.",
                "impact": 10,
                "comments": [
                    {
                        "avatar": "p9.png",
                        "name": "جود",
                        "username": "@j_j",
                        "text": "التحليل أوضح الصورة — شكرًا لكم."
                    }
                ],
                "next": 30
            },
            {
                "id": "b",
                "text": "أتكتم وأحمي المصادر.",
                "impact": -5,
                "comments": [
                    {
                        "avatar": "p10.png",
                        "name": "ليلى",
                        "username": "@l_l",
                        "text": "حماية المصادر مهمة لكن ليست دومًا."
                    }
                ],
                "next": 31
            }
        ]
    },
    {
        "id": 30,
        "category": "investigation",
        "text": "النظام: تحقيقك نال استحسان الجمهور ورفع من مصداقيتك. تواصل اللعب أم تنهي الجولة؟",
        "choices": [
            {
                "id": "a",
                "text": "أتابع — أريد مشاهد أخرى.",
                "impact": 0,
                "comments": [],
                "next": 10
            },
            {
                "id": "b",
                "text": "أنهي الجولة — أريد رؤية النتيجة.",
                "impact": 0,
                "comments": [],
                "next": 200
            }
        ]
    },
    {
        "id": 31,
        "category": "investigation",
        "text": "النظام: أسلوبك أثار بعض الشكوك وجمهورًا ذو ردود سلبية. هل تعتذر أم تصر على موقفك؟",
        "choices": [
            {
                "id": "a",
                "text": "أعتذر إن كان هناك قصور، وأعد تحقيقًا أعمق.",
                "impact": 10,
                "comments": [
                    {
                        "avatar": "p11.png",
                        "name": "هاجر",
                        "username": "@h_j",
                        "text": "الاعتذار خطوة ناضجة."
                    }
                ],
                "next": 30
            },
            {
                "id": "b",
                "text": "أصرّ على موقفي ولا أعتذر.",
                "impact": -5,
                "comments": [
                    {
                        "avatar": "p12.png",
                        "name": "رامي",
                        "username": "@r_r",
                        "text": "الإصرار بلا دليل قد يكلفك سمعتك."
                    }
                ],
                "next": 30
            }
        ]
    },
    {
        "id": 50,
        "category": "human_interest",
        "text": "النظام: تريد أن تنشر قصة إنسانية. هناك خيارات: 'أحمد يهزم السرطان', 'شاب يحول حيه لعمل خيري', 'مشروع مدن خضراء'. أي ستختار؟",
        "choices": [
            {
                "id": "a",
                "text": "أحمد يهزم السرطان — قصة علاج يبعث الأمل.",
                "impact": 0,
                "comments": [],
                "next": 51
            },
            {
                "id": "b",
                "text": "شاب يحول حيه إلى قصة دعم للأسر — قصة محلية ملهمة.",
                "impact": 0,
                "comments": [],
                "next": 55
            },
            {
                "id": "c",
                "text": "مشروع المدن الخضراء — تقرير مجتمعي إيجابي.",
                "impact": 0,
                "comments": [],
                "next": 60
            }
        ]
    },
    {
        "id": 51,
        "category": "human_interest",
        "text": "النظام: أحمد يزعم اكتشاف علاج سري — هل تعرض القصة بحماس أم تتحقق من المصادر أولًا؟",
        "choices": [
            {
                "id": "a",
                "text": "أعرض القصة بحماس — لغة أمل تجذب القارئ.",
                "impact": -5,
                "comments": [
                    {
                        "avatar": "p13.png",
                        "name": "نورا",
                        "username": "@nora",
                        "text": "قصة ملهمة لكن أين الأدلة؟"
                    },
                    {
                        "avatar": "p14.png",
                        "name": "منى",
                        "username": "@m_m",
                        "text": "الخبر يبعث الأمل، شكرًا!"
                    }
                ],
                "next": 52
            },
            {
                "id": "b",
                "text": "أتحقق من المصادر والأدلة قبل النشر.",
                "impact": 10,
                "comments": [
                    {
                        "avatar": "p15.png",
                        "name": "ليلى",
                        "username": "@leila",
                        "text": "التحقق مهم جدًا — أحسنت."
                    }
                ],
                "next": 53
            }
        ]
    },
    {
        "id": 52,
        "category": "human_interest",
        "text": "النظام: القراء متحمسون لكن بعض الأصوات تشكك. هل تُنشر آراء الجمهور أم تستمر بتغطية المتابعة؟",
        "choices": [
            {
                "id": "a",
                "text": "أنشر آراء الجمهور — إظهار التفاعل.",
                "impact": 5,
                "comments": [
                    {
                        "avatar": "p14.png",
                        "name": "منى",
                        "username": "@m_m",
                        "text": "هذه الحكاية ألهمتني."
                    }
                ],
                "next": 30
            },
            {
                "id": "b",
                "text": "أركز على متابعة التحقيقات أولًا.",
                "impact": 10,
                "comments": [
                    {
                        "avatar": "p15.png",
                        "name": "ليلى",
                        "username": "@leila",
                        "text": "المتابعة أولوية — جيد."
                    }
                ],
                "next": 30
            }
        ]
    },
    {
        "id": 53,
        "category": "human_interest",
        "text": "النظام: التحقق أظهر أن القصة حقيقية جزئيًا. تُبرز الجانب الإنساني مع توضيح التحفظات أم تحافظ على السرية؟",
        "choices": [
            {
                "id": "a",
                "text": "أبرز الجانب الإنساني مع توضيح التحفظات.",
                "impact": 10,
                "comments": [
                    {
                        "avatar": "p16.png",
                        "name": "سلمى",
                        "username": "@salma",
                        "text": "توازن ممتاز بين الحس الإنساني والمهنية."
                    }
                ],
                "next": 30
            },
            {
                "id": "b",
                "text": "أغلق الملف حفاظًا على الخصوصية.",
                "impact": -5,
                "comments": [
                    {
                        "avatar": "p17.png",
                        "name": "خديجة",
                        "username": "@kh",
                        "text": "الخصوصية مهمة لكن الجمهور قد يشعر بالإحباط."
                    }
                ],
                "next": 30
            }
        ]
    },
    {
        "id": 55,
        "category": "human_interest",
        "text": "النظام: قصة الشاب المحلي لاقت تفاعلاً كبيرًا. ترغب في عمل ملف مصوّر أو نص عرض سريع؟",
        "choices": [
            {
                "id": "a",
                "text": "ملف مصوّر (فيديو/صور) — تأثير أكبر.",
                "impact": 10,
                "comments": [
                    {
                        "avatar": "p18.png",
                        "name": "يوسف",
                        "username": "@yousef",
                        "text": "فيديو سيجعل القصة تلامس قلوب الناس."
                    }
                ],
                "next": 30
            },
            {
                "id": "b",
                "text": "نص عرض سريع مع روابط للمتبرعين.",
                "impact": 5,
                "comments": [
                    {
                        "avatar": "p19.png",
                        "name": "عهد",
                        "username": "@ahd",
                        "text": "خيار عملي يدعم القضية."
                    }
                ],
                "next": 30
            }
        ]
    },
    {
        "id": 60,
        "category": "human_interest",
        "text": "النظام: مشروع المدن الخضراء حدث مجتمعي إيجابي. تنشر تقريرًا موضوعيًا أم تروي القصة بصيغة إنسانية؟",
        "choices": [
            {
                "id": "a",
                "text": "تقرير موضوعي مدعوم بأرقام.",
                "impact": 10,
                "comments": [
                    {
                        "avatar": "p20.png",
                        "name": "مروان",
                        "username": "@m_mr",
                        "text": "أرقام قوية — تقرير مفيد."
                    }
                ],
                "next": 30
            },
            {
                "id": "b",
                "text": "اعرضه كقصة إنسانية ملهمة.",
                "impact": 5,
                "comments": [
                    {
                        "avatar": "p21.png",
                        "name": "سعاد",
                        "username": "@s_su",
                        "text": "قصة تشجع المشاركة المجتمعية."
                    }
                ],
                "next": 30
            }
        ]
    },
    {
        "id": 80,
        "category": "news",
        "text": "النظام: هناك خبر عاجل: 'خبراء يكشفون عن كارثة وشيكة في المدينة خلال أيام!' — هل تخيف الجمهور أم تحقق أولًا؟",
        "choices": [
            {
                "id": "a",
                "text": "أنشر الخبر العاجل فورًا — الجمهور يجب أن يعرف.",
                "impact": -5,
                "comments": [
                    {
                        "avatar": "p22.png",
                        "name": "جلال",
                        "username": "@jal",
                        "text": "نشر سريع يثير الذعر."
                    },
                    {
                        "avatar": "p23.png",
                        "name": "دينا",
                        "username": "@dina",
                        "text": "التحقق قبل النشر أسلم."
                    }
                ],
                "next": 81
            },
            {
                "id": "b",
                "text": "أتحقق من مصادر الخبر وأتواصل مع الخبراء أولًا.",
                "impact": 10,
                "comments": [
                    {
                        "avatar": "p24.png",
                        "name": "نبيل",
                        "username": "@nbl",
                        "text": "التحقق ينقذ مصداقية الوسيلة."
                    }
                ],
                "next": 82
            }
        ]
    },
    {
        "id": 81,
        "category": "news",
        "text": "النظام: بعد النشر العاجل انتشرت شائعات وتوترات محلية. هل تعيد نشر توضيح أم تتركه؟",
        "choices": [
            {
                "id": "a",
                "text": "أعيد النشر مع توضيح من المصادر الرسمية.",
                "impact": 5,
                "comments": [
                    {
                        "avatar": "p25.png",
                        "name": "رنا",
                        "username": "@r_r",
                        "text": "التوضيح ساعد في تهدئة البعض."
                    }
                ],
                "next": 30
            },
            {
                "id": "b",
                "text": "أترك الموضوع — الضجة ستنقشع.",
                "impact": -5,
                "comments": [
                    {
                        "avatar": "p26.png",
                        "name": "فراس",
                        "username": "@f_f",
                        "text": "التجاهل أحيانًا يقوّض الثقة."
                    }
                ],
                "next": 30
            }
        ]
    },
    {
        "id": 82,
        "category": "news",
        "text": "النظام: التحقق كشف أن بعض المصادر مبالغ فيها؛ ومع ذلك الخبر يحتاج متابعة. هل تعرض الأدلة للجمهور أم تنشر تحذيرًا فقط؟",
        "choices": [
            {
                "id": "a",
                "text": "عرض الأدلة والآراء المتوازنة.",
                "impact": 10,
                "comments": [
                    {
                        "avatar": "p27.png",
                        "name": "علياء",
                        "username": "@a_a",
                        "text": "التوازن في الطرح مهم — أحسنت."
                    }
                ],
                "next": 30
            },
            {
                "id": "b",
                "text": "أنشر تحذيرًا مختصرًا لتوعية الناس فقط.",
                "impact": 5,
                "comments": [
                    {
                        "avatar": "p28.png",
                        "name": "هادي",
                        "username": "@h_h",
                        "text": "التحذير مفيد لكنه يترك أسئلة."
                    }
                ],
                "next": 30
            }
        ]
    },
    {
        "id": 200,
        "category": "result",
        "text": "النظام: انتهت الجولة. نعتقد أنك قطفت خبرة جديدة. هل تود رؤية نتيجتك النهائية الآن؟",
        "choices": [
            {
                "id": "a",
                "text": "نعم — أرني النتيجة.",
                "impact": 0,
                "comments": [],
                "next": 201
            },
            {
                "id": "b",
                "text": "لا — أريد لعب جولة أخرى.",
                "impact": 0,
                "comments": [],
                "next": 10
            }
        ]
    },
    {
        "id": 201,
        "category": "result",
        "text": "النظام: (هذا المشهد يعرض نتيجة نقاط اللاعب — اجمع قيم الـ impact من الاختيارات السابقة لعرض النتيجة النهائية في الواجهة).",
        "choices": [
            {
                "id": "a",
                "text": "إعادة اللعب",
                "impact": 0,
                "comments": [],
                "next": 10
            }
        ]
    }
]